GROUP,PACKAGE,CLASS,INSTRUCTION_MISSED,INSTRUCTION_COVERED,BRANCH_MISSED,BRANCH_COVERED,LINE_MISSED,LINE_COVERED,COMPLEXITY_MISSED,COMPLEXITY_COVERED,METHOD_MISSED,METHOD_COVERED
BarberTurno,pe.barberturno.common.config,ParametrosReserva,0,32,0,4,0,2,0,4,0,2
BarberTurno,pe.barberturno.common.config,ConfiguracionProduccion,3,102,0,12,2,22,1,11,1,5
BarberTurno,pe.barberturno.common.config,ConfiguracionReservas,0,3,0,0,0,2,0,1,0,1
BarberTurno,pe.barberturno,BarberTurnoApplication,5,3,0,0,2,2,1,1,1,1
BarberTurno,pe.barberturno.reservations,ReservaController,0,150,0,6,0,19,0,13,0,10
BarberTurno,pe.barberturno.reservations,PoliticaTransiciones.Resultado,0,34,0,2,0,6,0,3,0,2
BarberTurno,pe.barberturno.reservations,PoliticaTransiciones,0,107,1,27,0,19,1,15,0,2
BarberTurno,pe.barberturno.reservations,ReservaReferenciaDisponibilidad,0,9,0,0,0,1,0,1,0,1
BarberTurno,pe.barberturno.reservations,ReglasTemporales,0,118,0,24,0,19,0,18,0,6
BarberTurno,pe.barberturno.reservations,EstadoReserva,0,87,0,16,0,15,0,14,0,5
BarberTurno,pe.barberturno.reservations,ReservaService,3,1208,3,125,0,174,3,75,0,13
BarberTurno,pe.barberturno.reservations,Reserva,0,163,0,2,0,44,0,18,0,17
BarberTurno,pe.barberturno.reservations,ReservaRepository,0,26,0,4,0,2,0,4,0,2
BarberTurno,pe.barberturno.reservations,ReservaAutorizacion,0,62,0,20,0,7,0,13,0,3
BarberTurno,pe.barberturno.reservations,ReservaLectura,0,21,0,0,0,1,0,1,0,1
BarberTurno,pe.barberturno.reservations,ReservaConsultaService,0,218,0,24,0,33,0,21,0,9
BarberTurno,pe.barberturno.reservations,ReservaFiltros,0,154,0,40,0,16,0,24,0,4
BarberTurno,pe.barberturno.common.security,PasswordTemporalFilter,0,71,0,18,0,13,0,11,0,2
BarberTurno,pe.barberturno.common.security,UsuarioJwtConverter,11,62,4,4,3,9,4,3,0,3
BarberTurno,pe.barberturno.common.security,UsuarioAutenticado,0,15,0,0,0,1,0,1,0,1
BarberTurno,pe.barberturno.common.security,CookieSesion,0,33,0,0,0,7,0,4,0,4
BarberTurno,pe.barberturno.common.security,UsuarioActualSecurity,0,40,0,6,0,10,0,8,0,5
BarberTurno,pe.barberturno.common.security,SecurityConfig,0,754,1,9,0,78,1,22,0,18
BarberTurno,pe.barberturno.common.security,RespuestaSeguridad,0,85,0,0,0,17,0,2,0,2
BarberTurno,pe.barberturno.common.security,CookieBearerTokenResolver,0,71,0,18,0,12,0,11,0,2
BarberTurno,pe.barberturno.common.security,SecurityConfig.new ObjectPostProcessor() {...},0,8,0,0,0,3,0,2,0,2
BarberTurno,pe.barberturno.users,PerfilController,0,24,0,0,0,6,0,3,0,3
BarberTurno,pe.barberturno.users,PerfilService,6,80,0,4,1,13,1,6,1,4
BarberTurno,pe.barberturno.users,Rol,0,21,0,0,0,4,0,1,0,1
BarberTurno,pe.barberturno.users,Usuario,5,192,1,1,1,56,1,22,0,22
BarberTurno,pe.barberturno.users,UsuarioAdminService,6,378,2,34,1,55,2,24,0,8
BarberTurno,pe.barberturno.users,UsuarioAdminController,0,37,0,0,0,5,0,4,0,4
BarberTurno,pe.barberturno.reporting.dto,ConteoReporteDto,0,12,0,0,0,1,0,1,0,1
BarberTurno,pe.barberturno.reporting.dto,ResumenReporteDto,0,15,0,0,0,1,0,1,0,1
BarberTurno,pe.barberturno.scheduling.dto,FranjaDisponibleDto,0,12,0,0,0,1,0,1,0,1
BarberTurno,pe.barberturno.scheduling.dto,CrearBloqueosLoteDto,0,15,0,0,0,1,0,1,0,1
BarberTurno,pe.barberturno.scheduling.dto,CrearBloqueoDto,0,12,0,0,0,1,0,1,0,1
BarberTurno,pe.barberturno.scheduling.dto,EditarBarberoDto,0,12,0,0,0,1,0,1,0,1
BarberTurno,pe.barberturno.scheduling.dto,BarberoDto,0,48,0,4,0,4,0,4,0,2
BarberTurno,pe.barberturno.scheduling.dto,BloqueoDto,0,35,0,0,0,3,0,2,0,2
BarberTurno,pe.barberturno.scheduling.dto,ResultadoEstadoBarberoDto,0,9,0,0,0,1,0,1,0,1
BarberTurno,pe.barberturno.scheduling.dto,CrearBarberoDto,0,21,0,0,0,1,0,1,0,1
BarberTurno,pe.barberturno.scheduling.dto,DisponibilidadDto,0,15,0,0,0,1,0,1,0,1
BarberTurno,pe.barberturno.scheduling.dto,EstadoBarberoDto,0,6,0,0,0,1,0,1,0,1
BarberTurno,pe.barberturno.scheduling.dto,JornadaDto,0,30,0,0,0,4,0,2,0,2
BarberTurno,pe.barberturno.auth.dto,CambiarPasswordDto,0,9,0,0,0,1,0,1,0,1
BarberTurno,pe.barberturno.auth.dto,RegistroDto,0,18,0,0,0,1,0,1,0,1
BarberTurno,pe.barberturno.auth.dto,UsuarioSesionDto,0,21,0,0,0,1,0,1,0,1
BarberTurno,pe.barberturno.auth.dto,LoginDto,0,9,0,0,0,1,0,1,0,1
BarberTurno,pe.barberturno.audit,AuditoriaReserva,0,106,0,4,0,25,0,15,0,13
BarberTurno,pe.barberturno.audit,AuditoriaService,0,30,0,0,0,7,0,2,0,2
BarberTurno,pe.barberturno.audit,AccionAuditoria,0,45,0,0,0,8,0,1,0,1
BarberTurno,pe.barberturno.notifications.dto,NotificacionDto,0,41,0,0,0,3,0,2,0,2
BarberTurno,pe.barberturno.notifications.dto,ConteoNotificacionesDto,0,6,0,0,0,1,0,1,0,1
BarberTurno,pe.barberturno.audit.dto,AuditoriaDto,0,54,0,0,0,5,0,2,0,2
BarberTurno,pe.barberturno.notifications,NotificacionController,0,80,0,6,0,12,0,8,0,5
BarberTurno,pe.barberturno.notifications,NotificacionService,0,100,0,6,0,18,0,10,0,7
BarberTurno,pe.barberturno.notifications,Notificacion,0,61,0,0,0,18,0,10,0,10
BarberTurno,pe.barberturno.auth,AdminInicialRunner,0,25,0,0,0,8,0,2,0,2
BarberTurno,pe.barberturno.auth,PoliticaPassword,0,59,0,12,0,9,0,8,0,2
BarberTurno,pe.barberturno.auth,AuthService,10,476,2,53,0,85,4,43,2,16
BarberTurno,pe.barberturno.auth,PoliticaPassword.Incumplimiento,0,33,0,0,0,6,0,1,0,1
BarberTurno,pe.barberturno.auth,JwtConfig,5,136,6,14,0,28,5,11,0,6
BarberTurno,pe.barberturno.auth,AuthController,0,102,0,0,0,17,0,7,0,7
BarberTurno,pe.barberturno.auth,JwtService,0,50,0,0,0,11,0,3,0,3
BarberTurno,pe.barberturno.users.dto,ActualizarPerfilDto,0,9,0,0,0,1,0,1,0,1
BarberTurno,pe.barberturno.users.dto,UsuarioAdminDto,0,27,0,0,0,1,0,1,0,1
BarberTurno,pe.barberturno.users.dto,EstadoUsuarioDto,0,6,0,0,0,1,0,1,0,1
BarberTurno,pe.barberturno.users.dto,PerfilDto,0,18,0,0,0,1,0,1,0,1
BarberTurno,pe.barberturno.users.dto,PasswordTemporalDto,0,8,0,0,0,2,0,2,0,2
BarberTurno,pe.barberturno.reporting,ReporteService,0,81,0,4,0,10,0,4,0,2
BarberTurno,pe.barberturno.reporting,ReporteRepository,0,217,0,6,0,24,0,9,0,6
BarberTurno,pe.barberturno.reporting,ReporteController,0,65,0,6,0,5,0,5,0,2
BarberTurno,pe.barberturno.common.time,ClockConfig,5,47,2,8,1,7,2,5,0,2
BarberTurno,pe.barberturno.common.time,TiempoNegocio,0,28,0,0,0,6,0,6,0,6
BarberTurno,pe.barberturno.scheduling,CalculadoraFranjas,0,251,0,28,0,34,0,22,0,8
BarberTurno,pe.barberturno.scheduling,DisponibilidadService,0,684,0,58,0,100,0,50,0,21
BarberTurno,pe.barberturno.scheduling,Bloqueo,5,67,1,1,1,18,1,9,0,9
BarberTurno,pe.barberturno.scheduling,BloqueoService,0,317,0,32,0,50,0,25,0,9
BarberTurno,pe.barberturno.scheduling,JornadaController,0,18,0,0,0,3,0,3,0,3
BarberTurno,pe.barberturno.scheduling,BloqueoController,0,32,0,0,0,5,0,5,0,5
BarberTurno,pe.barberturno.scheduling,Barbero,0,81,0,0,0,24,0,11,0,11
BarberTurno,pe.barberturno.scheduling,DisponibilidadController,0,41,0,4,0,11,0,5,0,3
BarberTurno,pe.barberturno.scheduling,CalculadoraFranjas.IntervaloJornada,0,26,0,2,0,5,0,2,0,1
BarberTurno,pe.barberturno.scheduling,BarberoService,0,376,1,45,0,64,1,32,0,10
BarberTurno,pe.barberturno.scheduling,JornadaService,0,394,0,44,0,58,0,34,0,12
BarberTurno,pe.barberturno.scheduling,CalculadoraFranjas.Franja,0,26,0,2,0,5,0,2,0,1
BarberTurno,pe.barberturno.scheduling,Jornada,5,52,3,3,1,14,3,7,0,7
BarberTurno,pe.barberturno.scheduling,DisponibilidadService.DatosDia,0,9,0,0,0,1,0,1,0,1
BarberTurno,pe.barberturno.scheduling,BarberoController,0,39,0,4,0,5,0,7,0,5
BarberTurno,pe.barberturno.demo,DatosDemoRunner,0,30,1,3,0,10,1,4,0,3
BarberTurno,pe.barberturno.demo,DatosDemoService,12,480,7,23,3,67,6,17,0,8
BarberTurno,pe.barberturno.catalog.dto,GuardarServicioDto,0,15,0,0,0,1,0,1,0,1
BarberTurno,pe.barberturno.catalog.dto,EstadoServicioDto,0,6,0,0,0,1,0,1,0,1
BarberTurno,pe.barberturno.catalog.dto,ServicioDto,0,39,0,0,0,3,0,2,0,2
BarberTurno,pe.barberturno.common.error,ManejadorErrores.ErrorCampo,0,9,0,0,0,1,0,1,0,1
BarberTurno,pe.barberturno.common.error,NegocioException,0,83,0,2,0,20,0,9,0,8
BarberTurno,pe.barberturno.common.error,ErrorCodigo,0,253,0,0,0,36,0,4,0,4
BarberTurno,pe.barberturno.common.error,ManejadorErrores,30,479,7,49,2,98,9,47,2,25
BarberTurno,pe.barberturno.reservations.dto,ReservaDto.ClienteDto,0,12,0,0,0,1,0,1,0,1
BarberTurno,pe.barberturno.reservations.dto,ReprogramarReservaDto,0,15,0,0,0,1,0,1,0,1
BarberTurno,pe.barberturno.reservations.dto,TransicionarReservaDto,0,9,0,0,0,1,0,1,0,1
BarberTurno,pe.barberturno.reservations.dto,ReservaDto.PermisosDto,0,12,0,0,0,1,0,1,0,1
BarberTurno,pe.barberturno.reservations.dto,ReservaDto,0,256,0,28,0,26,0,18,0,4
BarberTurno,pe.barberturno.reservations.dto,CancelarReservaDto,0,9,0,0,0,1,0,1,0,1
BarberTurno,pe.barberturno.reservations.dto,CrearReservaDto,0,15,0,0,0,1,0,1,0,1
BarberTurno,pe.barberturno.reservations.dto,ReservaDto.RecursoDto,0,9,0,0,0,1,0,1,0,1
BarberTurno,pe.barberturno.catalog,ServicioService,0,163,0,6,0,28,0,14,0,11
BarberTurno,pe.barberturno.catalog,ServicioController,0,40,0,6,0,5,0,8,0,5
BarberTurno,pe.barberturno.catalog,Servicio,5,114,4,4,1,33,4,13,0,13
BarberTurno,pe.barberturno.common.web,PaginaDto,0,49,0,6,0,7,0,5,0,2
BarberTurno,pe.barberturno.common.web,SpaForwardFilter,0,102,0,20,0,21,0,17,0,7
